,qt_altura_material,qt_altura_material,qt_altura_material,qt_altura_material,diametro_material,diametro_material,diametro_material,diametro_material,qt_peso_bruto,qt_peso_bruto,qt_peso_bruto,qt_peso_bruto
,mean,std,min,max,mean,std,min,max,mean,std,min,max
hierar_k47_sem_comp,,,,,,,,,,,,
0,117.72413793103448,10.668519197872675,104.0,140.0,21.551724137931036,2.9508988448844646,19.0,25.0,32.098862068965516,6.080084938373331,22.8,46.0
1,150.17171717171718,6.95472296436233,128.0,168.0,50.0,0.0,50.0,50.0,174.75422222222224,13.118576635828795,132.0,227.0
2,172.14864864864865,4.808389585539498,150.0,176.0,50.0,0.0,50.0,50.0,224.13041891891893,11.2656549012441,196.0,319.244
3,185.42857142857142,9.754852272440774,175.0,205.0,50.0,0.0,50.0,50.0,235.12047619047618,17.536074804867386,225.0,279.6
4,141.375,14.282273395133332,120.0,167.0,39.375,1.7078251276599317,35.0,40.0,107.710625,14.415151042681911,70.4,118.0
5,158.91435185185185,5.113908334579595,150.0,175.0,39.98148148148148,0.13544536999096765,39.0,40.0,129.99392592592594,9.473497991769937,109.6,176.36
6,223.6,9.038014952726854,215.0,245.0,50.0,0.0,50.0,50.0,286.7262,33.322547703576674,224.883,320.0
7,187.0,13.281566172707192,160.0,193.0,44.166666666666664,2.0412414523193148,40.0,45.0,192.15333333333334,50.11352299196962,151.0,287.49
8,27.571428571428573,11.207990347026875,18.0,45.0,23.0,6.0,19.0,35.0,47.98942857142857,33.37569658128073,12.04,93.1
9,183.53333333333333,4.273952113286557,177.0,192.0,38.666666666666664,2.2886885410853184,35.0,40.0,147.27273333333332,21.388026578527757,113.0,169.0
10,56.645714285714284,14.141171400256365,46.84,77.52,50.0,0.0,50.0,50.0,220.96214285714288,2.157938555548748,219.0,224.735
11,127.13636363636364,7.59791534957794,111.0,145.0,29.15909090909091,2.2635866343947737,19.0,30.0,59.80830681818182,7.083689321182391,43.0,87.0
12,163.66666666666666,14.747881203752625,148.0,191.0,50.0,0.0,50.0,50.0,189.58855555555556,21.29200302995887,172.872,222.403
13,185.19354838709677,5.075558129169699,170.0,191.0,50.0,0.0,50.0,50.0,212.94980645161291,21.318029091857678,173.6,274.0
14,137.56521739130434,6.181161968839207,130.0,150.0,40.0,0.0,40.0,40.0,95.339,6.653874296645193,82.0,114.5
15,39.595,8.57670894712164,30.0,63.0,38.333333333333336,2.461829819586654,35.0,40.0,104.55416666666667,10.809972212842371,92.0,128.24
16,180.22074468085106,2.746478080009304,176.0,190.0,50.0,0.0,50.0,50.0,226.08282446808514,5.922436391534567,196.048,268.33
17,203.76470588235293,3.5038993884484886,197.0,210.0,50.0,0.0,50.0,50.0,274.25855294117645,6.088896847670229,260.5,286.36
18,199.0625,2.827729235902709,195.0,210.0,50.0,0.0,50.0,50.0,227.56214583333335,11.607658822817365,181.26,276.066
19,141.71014492753622,4.19068101048367,131.0,153.0,34.77971014492754,1.0267853475983308,30.0,35.0,83.42597101449275,7.8400497559402105,59.22,113.0
20,112.3170731707317,8.7190567849689,104.0,133.0,40.0,0.0,40.0,40.0,66.87324390243901,4.645054600219937,61.0,76.8
21,168.79999999999998,8.234804187107303,160.0,185.0,40.0,0.0,40.0,40.0,123.35563636363636,9.108380001654819,116.0,137.65
22,177.18421052631578,4.085936745669952,174.0,190.0,50.0,0.0,50.0,50.0,199.0052894736842,12.295475680559806,172.0,218.0
23,175.125,12.368595023572523,151.0,184.0,35.625,1.767766952966369,35.0,40.0,123.84625,5.441262504498117,113.7,128.0
24,66.79391304347826,14.020256689107319,47.14,77.6,50.0,0.0,50.0,50.0,258.8652173913043,31.940421934590717,172.0,287.0
25,181.34615384615384,8.52733162339689,155.0,191.0,50.0,0.0,50.0,50.0,217.29653846153846,13.948925195098793,171.9,228.0
26,127.47945205479452,3.0051325957115798,125.0,137.0,35.0,0.0,35.0,35.0,57.398493150684935,9.131741453613698,12.0,71.0
27,103.71428571428571,6.079528149937283,83.0,118.0,29.87142857142857,0.6793310556936243,25.0,30.0,41.464685714285714,5.174368993365577,36.35,59.0
28,129.92307692307693,6.143581182306434,120.0,135.0,39.61538461538461,1.3867504905630728,35.0,40.0,85.45153846153845,8.669921035928224,71.4,93.0
29,151.7,6.147266781984406,145.0,166.0,50.0,0.0,50.0,50.0,163.0078,14.318143996730551,142.4,176.652
30,136.33333333333334,14.433756729740647,128.0,153.0,50.0,0.0,50.0,50.0,115.512,25.96690570707262,100.52,145.496
31,210.8235294117647,2.9205156676015065,200.0,212.0,50.0,0.0,50.0,50.0,280.5779411764706,4.662955346003599,273.0,290.0
32,165.88888888888889,3.6314324428937965,160.0,173.0,35.0,0.0,35.0,35.0,112.12883333333333,5.160667855451046,92.0,118.0
33,202.85185185185185,5.296615056253487,195.0,210.0,50.0,0.0,50.0,50.0,220.94133333333335,13.164549903200118,208.666,248.28
34,123.69291338582677,3.6460716216520273,117.0,130.0,39.92125984251968,0.6249609411617261,35.0,40.0,92.23085039370078,5.496625855459025,88.38,132.0
35,53.0,9.985704067029312,45.0,77.0,50.0,0.0,50.0,50.0,238.755,16.377829962657263,223.17,258.4
36,187.46153846153845,5.516873882544121,175.0,191.0,50.0,0.0,50.0,50.0,220.9223846153846,2.6986954113195014,217.176,226.0
37,211.54333333333335,3.6246337988048665,200.0,220.0,50.0,0.0,50.0,50.0,277.42205128205126,10.504763307909224,220.3,291.83
38,94.47368421052632,5.660471329537376,77.0,104.0,19.63157894736842,1.2565617248750869,19.0,22.0,19.03478947368421,3.142401462769576,15.0,25.55
39,114.54471544715447,4.3499614328803275,96.0,125.0,34.978861788617884,0.06173984620882681,34.8,35.0,61.22547154471545,4.375359375076396,49.1,82.0
40,145.1509090909091,3.0235693547586706,138.0,151.0,40.0,0.0,40.0,40.0,116.72128181818182,3.148856761032686,106.76,141.0
41,105.0,0.0,105.0,105.0,50.0,0.0,50.0,50.0,92.945,1.49199530830362,91.89,94.0
42,116.57142857142857,12.959644321985882,100.0,130.0,27.714285714285715,2.0586634591635504,25.0,30.0,45.72671428571429,9.6757858718605,35.0,55.708
43,137.0,6.708203932499369,125.0,140.0,36.0,2.2360679774997894,35.0,40.0,83.7,4.086563348340509,81.5,91.0
44,41.611111111111114,6.325846968531651,32.0,57.0,34.98888888888889,0.04714045207910575,34.8,35.0,56.90122222222222,5.509536849922467,51.85,67.8
45,178.33333333333334,0.8164965809277237,178.0,180.0,30.0,0.0,30.0,30.0,75.716,1.2590065925164984,73.57,77.0
46,154.55172413793105,4.548046730634964,147.0,165.0,23.862068965517242,1.8655550290737766,19.0,25.0,51.95775862068966,7.0474364014521145,36.83,58.63
